"Bus","No","Time (abs)","State","ID (hex)","Length","Message","Data (hex)","ASCII"
"CAN","1","36907.722.085.0","   S ","602","2","","01 03",".."
"CAN","2","36907.722.836.0","     ","682","7","","01 00 00 00 00 00 00","......."
"CAN","3","36907.723.461.0","     ","682","7","","21 0F FF 00 00 00 00","!.ˇ...."
"CAN","4","36907.724.092.0","     ","682","7","","61 00 00 00 00 00 00","a......"
"CAN","5","36907.724.728.0","     ","682","7","","41 0F FF 00 00 00 00","A.ˇ...."
"CAN","6","36950.177.584.0","   S ","602","4","","03 00 00 00","...."
"CAN","7","36950.190.061.0","     ","682","3","","03 00 00","..."
"CAN","8","36958.745.493.0","   S ","602","3","","06 00 00","..."
"CAN","9","36958.745.940.0","     ","682","2","","06 00",".."
"CAN","10","36962.697.455.0","   S ","602","4","","03 00 00 00","...."
"CAN","11","36962.698.090.0","     ","682","3","","03 00 00","..."
"CAN","12","36967.281.229.0","   S ","602","2","","01 03",".."
"CAN","13","36967.281.981.0","     ","682","7","","01 00 00 00 00 00 00","......."
"CAN","14","36967.282.611.0","     ","682","7","","21 00 00 00 00 00 00","!......"
"CAN","15","36967.283.242.0","     ","682","7","","61 00 00 00 00 00 00","a......"
"CAN","16","36967.283.878.0","     ","682","7","","41 00 00 00 00 00 00","A......"
"CAN","17","36987.185.519.0","   S ","602","4","","03 01 00 00","...."
"CAN","18","36987.185.982.0","     ","682","2","","00 09",".."
"CAN","19","36991.513.488.0","   S ","602","3","","06 00 00","..."
"CAN","20","36991.513.935.0","     ","682","2","","06 00",".."
"CAN","21","36994.000.871.0","   S ","602","4","","03 01 00 00","...."
"CAN","22","36994.002.844.0","     ","682","3","","03 00 00","..."
"CAN","23","37014.064.601.0","   S ","602","2","","01 06",".."
"CAN","24","37014.065.352.0","     ","682","7","","01 00 00 00 00 00 00","......."
"CAN","25","37014.065.982.0","     ","682","7","","21 00 00 00 00 00 00","!......"
"CAN","26","37014.066.613.0","     ","682","7","","61 00 00 00 00 00 00","a......"
"CAN","27","37014.067.248.0","     ","682","7","","41 00 00 00 00 00 00","A......"
"CAN","28","37022.648.437.0","   S ","602","3","","06 00 00","..."
"CAN","29","37022.649.222.0","     ","682","2","","06 00",".."
"CAN","30","37025.144.540.0","   S ","602","4","","03 02 80 00","..Ä."
"CAN","31","37025.145.197.0","     ","682","3","","03 00 00","..."
"CAN","32","37093.983.600.0","   S ","602","2","","01 07",".."
"CAN","33","37093.984.356.0","     ","682","7","","01 80 00 80 00 80 00",".Ä.Ä.Ä."
"CAN","34","37093.984.987.0","     ","682","7","","21 80 00 80 00 80 00","!Ä.Ä.Ä."
"CAN","35","37093.985.623.0","     ","682","7","","41 80 00 80 00 80 00","AÄ.Ä.Ä."
"CAN","36","37093.986.253.0","     ","682","7","","61 80 00 80 00 80 00","aÄ.Ä.Ä."
"CAN","37","37118.590.982.0","   S ","602","2","","01 03",".."
"CAN","38","37118.591.733.0","     ","682","7","","01 00 00 00 00 00 00","......."
"CAN","39","37118.592.364.0","     ","682","7","","21 00 00 00 00 00 00","!......"
"CAN","40","37118.592.994.0","     ","682","7","","61 00 00 00 00 00 00","a......"
"CAN","41","37118.593.630.0","     ","682","7","","41 00 00 00 00 00 00","A......"
"CAN","42","37177.889.527.0","   S ","602","4","","07 00 00 48","...H"
"CAN","43","37177.889.946.0","     ","682","1","","07","."
"CAN","44","37194.517.778.0","   S ","602","2","","01 00",".."
"CAN","45","37194.518.513.0","     ","682","7","","01 FE 88 00 00 00 00",".˛à...."
"CAN","46","37194.519.137.0","     ","682","7","","21 8F FB 00 00 00 00","!è˚...."
"CAN","47","37222.237.405.0","   S ","602","2","","01 05",".."
"CAN","48","37222.238.124.0","     ","682","7","","01 00 C2 00 BA 00 BB","..¬.∫.ª"
"CAN","49","37222.238.715.0","     ","682","7","","21 E6 AE 00 BB 00 B9","!ÊÆ.ª.π"
"CAN","50","37222.239.340.0","     ","682","7","","41 E6 AA 00 00 00 00","AÊ™...."
"CAN","51","37222.239.970.0","     ","682","7","","61 00 01 00 01 00 01","a......"
"CAN","52","37845.360.447.0","   S ","602","4","","07 00 0F FF","...ˇ"
"CAN","53","37845.360.866.0","     ","682","1","","07","."
"CAN","54","37845.581.341.0","     ","682","3","","1E 0D 00","..."
"CAN","55","37846.081.345.0","     ","682","3","","1E 0F 01","..."
"CAN","56","37846.281.329.0","     ","682","3","","1E 0F 00","..."
"CAN","57","37846.481.329.0","     ","682","3","","1E 0F 00","..."
"CAN","58","37846.581.326.0","     ","682","3","","1E 0F 01","..."
"CAN","59","37846.781.315.0","     ","682","3","","1E 0F 00","..."
"CAN","60","37846.981.310.0","     ","682","3","","1E 0F 00","..."
"CAN","61","37847.481.297.0","     ","682","3","","1E 0F 00","..."
"CAN","62","37847.781.278.0","     ","682","3","","1E 0D 00","..."
"CAN","63","37847.881.292.0","     ","682","3","","1E 0F 01","..."
"CAN","64","37848.081.286.0","     ","682","3","","1E 0F 01","..."
"CAN","65","37848.781.268.0","     ","682","3","","1E 0F 01","..."
"CAN","66","37848.981.263.0","     ","682","3","","1E 0F 01","..."
"CAN","67","37849.181.263.0","     ","682","3","","1E 0F 01","..."
"CAN","68","37849.381.248.0","     ","682","3","","1E 0F 00","..."
"CAN","69","37850.081.228.0","     ","682","3","","1E 0F 00","..."
"CAN","70","37850.181.231.0","     ","682","3","","1E 0F 01","..."
"CAN","71","37850.581.221.0","     ","682","3","","1E 0F 01","..."
"CAN","72","37851.381.200.0","     ","682","3","","1E 0F 01","..."
"CAN","73","37851.581.189.0","     ","682","3","","1E 0F 00","..."
"CAN","74","37851.681.187.0","     ","682","3","","1E 0E 01","..."
"CAN","75","37851.781.191.0","     ","682","3","","1E 0F 00","..."
"CAN","76","37851.981.184.0","     ","682","3","","1E 0F 00","..."
"CAN","77","37852.081.181.0","     ","682","3","","1E 0F 01","..."
"CAN","78","37852.281.175.0","     ","682","3","","1E 0D 01","..."
"CAN","79","37852.381.173.0","     ","682","3","","1E 0F 00","..."
"CAN","80","37853.381.136.0","     ","682","3","","1E 0D 00","..."
"CAN","81","37853.481.144.0","     ","682","3","","1E 0F 00","..."
"CAN","82","37853.881.134.0","     ","682","3","","1E 0F 00","..."
"CAN","83","37854.381.115.0","     ","682","3","","1E 0E 01","..."
"CAN","84","37854.481.118.0","     ","682","3","","1E 0F 00","..."
"CAN","85","37854.681.113.0","     ","682","3","","1E 0F 00","..."
"CAN","86","37854.781.115.0","     ","682","3","","1E 0F 01","..."
"CAN","87","37854.981.105.0","     ","682","3","","1E 0F 00","..."
"CAN","88","37855.281.102.0","     ","682","3","","1E 0F 01","..."
"CAN","89","37855.681.092.0","     ","682","3","","1E 0F 01","..."
"CAN","90","37855.881.081.0","     ","682","3","","1E 0F 00","..."
"CAN","91","37856.481.071.0","     ","682","3","","1E 0F 01","..."
"CAN","92","37856.881.060.0","     ","682","3","","1E 0F 01","..."
"CAN","93","37857.181.047.0","     ","682","3","","1E 0F 00","..."
"CAN","94","37857.281.050.0","     ","682","3","","1E 0F 01","..."
"CAN","95","37857.781.031.0","     ","682","3","","1E 0F 00","..."
"CAN","96","37857.981.037.0","     ","682","3","","1E 0F 01","..."
"CAN","97","37858.781.005.0","     ","682","3","","1E 0F 00","..."
"CAN","98","37858.881.007.0","     ","682","3","","1E 0F 01","..."
"CAN","99","37859.180.994.0","     ","682","3","","1E 0F 00","..."
"CAN","100","37859.480.992.0","     ","682","3","","1E 0F 01","..."
"CAN","101","37859.680.981.0","     ","682","3","","1E 0D 01","..."
"CAN","102","37859.780.983.0","     ","682","3","","1E 0F 00","..."
"CAN","103","37859.880.981.0","     ","682","3","","1E 0F 01","..."
"CAN","104","37860.580.963.0","     ","682","3","","1E 0F 01","..."
"CAN","105","37861.080.950.0","     ","682","3","","1E 0F 00","..."
"CAN","106","37861.380.942.0","     ","682","3","","1E 0F 01","..."
"CAN","107","37862.480.913.0","     ","682","3","","1E 0F 01","..."
"CAN","108","37862.780.905.0","     ","682","3","","1E 0F 01","..."
"CAN","109","37863.180.894.0","     ","682","3","","1E 0F 01","..."
"CAN","110","37863.980.874.0","     ","682","3","","1E 0F 00","..."
"CAN","111","37864.080.876.0","     ","682","3","","1E 0F 01","..."
"CAN","112","37865.380.837.0","     ","682","3","","1E 0F 00","..."
"CAN","113","37865.680.830.0","     ","682","3","","1E 0F 00","..."
"CAN","114","37866.080.813.0","     ","682","3","","1E 0E 01","..."
"CAN","115","37866.180.816.0","     ","682","3","","1E 0F 00","..."
"CAN","116","37888.564.785.0","   S ","602","4","","07 00 00 48","...H"
"CAN","117","37888.565.205.0","     ","682","1","","07","."
"CAN","118","37893.515.437.0","   S ","602","2","","01 05",".."
"CAN","119","37893.516.171.0","     ","682","7","","01 00 BE 00 BC 00 BA","..æ.º.∫"
"CAN","120","37893.516.775.0","     ","682","7","","21 E6 AC 00 BA 00 B9","!Ê¨.∫.π"
"CAN","121","37893.517.393.0","     ","682","7","","41 E6 AC 00 31 00 13","AÊ¨.1.."
"CAN","122","37893.518.012.0","     ","682","7","","61 00 36 00 32 00 33","a.6.2.3"
"CAN","123","37918.692.244.0","   S ","602","4","","07 00 00 03","...."
"CAN","124","37918.692.664.0","     ","682","1","","07","."
"CAN","125","37918.879.069.0","     ","682","3","","1E 0F 01","..."
"CAN","126","37919.179.061.0","     ","682","3","","1E 0F 01","..."
"CAN","127","37919.679.049.0","     ","682","3","","1E 0F 01","..."
"CAN","128","37920.079.038.0","     ","682","3","","1E 0F 01","..."
"CAN","129","37920.479.028.0","     ","682","3","","1E 0F 01","..."
"CAN","130","37922.378.979.0","     ","682","3","","1E 0F 01","..."
"CAN","131","37922.878.966.0","     ","682","3","","1E 0F 01","..."
"CAN","132","37923.578.948.0","     ","682","3","","1E 0F 01","..."
"CAN","133","37924.178.932.0","     ","682","3","","1E 0F 01","..."
"CAN","134","37924.578.924.0","     ","682","3","","1E 0F 01","..."
"CAN","135","37925.078.908.0","     ","682","3","","1E 0F 01","..."
"CAN","136","37925.678.893.0","     ","682","3","","1E 0F 01","..."
"CAN","137","37926.078.882.0","     ","682","3","","1E 0F 01","..."
"CAN","138","37926.378.874.0","     ","682","3","","1E 0F 01","..."
"CAN","139","37926.678.871.0","     ","682","3","","1E 0F 01","..."
"CAN","140","37926.878.866.0","     ","682","3","","1E 0F 01","..."
"CAN","141","37927.578.848.0","     ","682","3","","1E 0F 01","..."
"CAN","142","37927.778.842.0","     ","682","3","","1E 0F 01","..."
"CAN","143","37928.878.814.0","     ","682","3","","1E 0F 01","..."
"CAN","144","37929.278.804.0","     ","682","3","","1E 0F 01","..."
"CAN","145","37929.478.798.0","     ","682","3","","1E 0F 01","..."
"CAN","146","37930.578.770.0","     ","682","3","","1E 0F 01","..."
"CAN","147","37930.978.760.0","     ","682","3","","1E 0F 01","..."
"CAN","148","37931.278.752.0","     ","682","3","","1E 0F 01","..."
"CAN","149","37931.678.742.0","     ","682","3","","1E 0F 01","..."
"CAN","150","37931.878.736.0","     ","682","3","","1E 0F 01","..."
"CAN","151","37932.378.723.0","     ","682","3","","1E 0F 01","..."
"CAN","152","37932.778.713.0","     ","682","3","","1E 0F 01","..."
"CAN","153","37932.978.707.0","     ","682","3","","1E 0F 01","..."
"CAN","154","37933.678.689.0","     ","682","3","","1E 0F 01","..."
"CAN","155","37953.330.528.0","   S ","602","4","","07 00 00 48","...H"
"CAN","156","37953.330.947.0","     ","682","1","","07","."
"CAN","157","38006.888.540.0","   S ","602","5","","04 00 0F FF 03","...ˇ."
"CAN","158","38006.895.010.0","     ","682","3","","04 00 00","..."
"CAN","159","38011.276.690.0","     ","682","3","","1E 0F 08","..."
"CAN","160","38022.953.379.0","   S ","602","2","","01 03",".."
"CAN","161","38022.954.129.0","     ","682","7","","01 00 00 00 00 00 00","......."
"CAN","162","38022.954.754.0","     ","682","7","","21 0F FF 00 00 00 00","!.ˇ...."
"CAN","163","38022.955.384.0","     ","682","7","","61 00 00 00 00 00 00","a......"
"CAN","164","38022.956.020.0","     ","682","7","","41 00 00 00 00 00 00","A......"
"CAN","165","38035.961.299.0","   S ","602","2","","01 05",".."
"CAN","166","38035.962.023.0","     ","682","7","","01 00 CB 00 BB 00 BB","..À.ª.ª"
"CAN","167","38035.962.631.0","     ","682","7","","21 F6 BE 00 BB 00 BA","!ˆæ.ª.∫"
"CAN","168","38035.963.255.0","     ","682","7","","41 E6 AB 00 01 00 00","AÊ´...."
"CAN","169","38035.963.886.0","     ","682","7","","61 00 01 00 01 00 01","a......"
"CAN","170","38047.505.086.0","   S ","602","2","","01 05",".."
"CAN","171","38047.505.810.0","     ","682","7","","01 00 D2 00 BD 00 BB","..“.Ω.ª"
"CAN","172","38047.506.413.0","     ","682","7","","21 F6 C0 00 BB 00 B9","!ˆ¿.ª.π"
"CAN","173","38047.507.038.0","     ","682","7","","41 E6 AB 00 00 00 00","AÊ´...."
"CAN","174","38047.507.668.0","     ","682","7","","61 00 01 00 01 00 01","a......"
"CAN","175","38076.032.611.0","   S ","602","2","","01 05",".."
"CAN","176","38076.033.334.0","     ","682","7","","01 00 BA 00 BC 00 BB","..∫.º.ª"
"CAN","177","38076.033.943.0","     ","682","7","","21 F6 BE 00 BB 00 BA","!ˆæ.ª.∫"
"CAN","178","38076.034.567.0","     ","682","7","","41 E6 AB 00 00 00 00","AÊ´...."
"CAN","179","38076.035.197.0","     ","682","7","","61 00 01 00 01 00 01","a......"
"CAN","180","38119.826.803.0","   S ","602","5","","04 00 0F FF 06","...ˇ."
"CAN","181","38119.833.645.0","     ","682","3","","04 00 00","..."
"CAN","182","38123.391.771.0","   S ","602","2","","01 03",".."
"CAN","183","38123.392.522.0","     ","682","7","","01 00 00 00 00 00 00","......."
"CAN","184","38123.393.147.0","     ","682","7","","21 0F FF 00 00 00 00","!.ˇ...."
"CAN","185","38123.393.777.0","     ","682","7","","61 00 00 00 00 00 00","a......"
"CAN","186","38123.394.413.0","     ","682","7","","41 0F FF 00 00 00 00","A.ˇ...."
"CAN","187","38124.073.804.0","     ","682","3","","1E 0F 48","..H"
"CAN","188","38128.391.695.0","   S ","602","2","","01 05",".."
"CAN","189","38128.392.413.0","     ","682","7","","01 00 C5 00 BB 00 BB","..≈.ª.ª"
"CAN","190","38128.393.010.0","     ","682","7","","21 F6 BD 00 BB 00 BA","!ˆΩ.ª.∫"
"CAN","191","38128.393.635.0","     ","682","7","","41 F6 BC 00 00 00 00","Aˆº...."
"CAN","192","38128.394.265.0","     ","682","7","","61 00 01 00 01 00 01","a......"
"CAN","193","38228.289.584.0","   S ","602","5","","04 00 00 00 06","....."
"CAN","194","38228.296.048.0","     ","682","3","","04 00 00","..."
"CAN","195","38232.838.153.0","   S ","602","2","","01 05",".."
"CAN","196","38232.838.871.0","     ","682","7","","01 00 BB 00 BA 00 BB","..ª.∫.ª"
"CAN","197","38232.839.479.0","     ","682","7","","21 F6 BF 00 BB 00 BA","!ˆø.ª.∫"
"CAN","198","38232.840.104.0","     ","682","7","","41 E6 D6 00 00 00 00","AÊ÷...."
"CAN","199","38232.840.734.0","     ","682","7","","61 00 01 00 01 00 01","a......"
"CAN","200","38249.241.735.0","   S ","602","5","","04 00 00 00 00","....."
"CAN","201","38249.242.281.0","     ","682","3","","04 00 00","..."
"CAN","202","38253.869.872.0","   S ","602","2","","01 05",".."
"CAN","203","38253.870.706.0","     ","682","7","","01 00 C2 00 BA 00 BC","..¬.∫.º"
"CAN","204","38253.871.320.0","     ","682","7","","21 F6 BF 00 BA 00 B9","!ˆø.∫.π"
"CAN","205","38253.871.945.0","     ","682","7","","41 E6 C8 00 01 00 00","AÊ»...."
"CAN","206","38253.872.575.0","     ","682","7","","61 00 01 00 01 00 01","a......"
"CAN","207","38269.705.234.0","   S ","602","5","","04 00 00 00 01","....."
"CAN","208","38269.705.780.0","     ","682","3","","04 00 00","..."
"CAN","209","38276.093.679.0","   S ","602","2","","01 05",".."
"CAN","210","38276.094.397.0","     ","682","7","","01 00 B9 00 BB 00 BC","..π.ª.º"
"CAN","211","38276.095.005.0","     ","682","7","","21 F6 BE 00 BA 00 BA","!ˆæ.∫.∫"
"CAN","212","38276.095.630.0","     ","682","7","","41 E6 C9 00 00 00 00","AÊ…...."
"CAN","213","38276.096.260.0","     ","682","7","","61 00 01 00 01 00 01","a......"
"CAN","214","38317.335.932.0","   S ","602","4","","07 00 00 00","...."
"CAN","215","38317.336.351.0","     ","682","1","","07","."
"CAN","216","38325.640.362.0","   S ","602","4","","07 00 00 01","...."
"CAN","217","38325.640.815.0","     ","682","1","","07","."
"CAN","218","38326.168.583.0","     ","682","3","","1E 0F 09","..."
"CAN","219","38327.168.557.0","     ","682","3","","1E 0F 09","..."
"CAN","220","38327.668.550.0","     ","682","3","","1E 0F 09","..."
"CAN","221","38327.968.542.0","     ","682","3","","1E 0F 09","..."
"CAN","222","38328.468.529.0","     ","682","3","","1E 0F 09","..."
"CAN","223","38329.068.513.0","     ","682","3","","1E 0F 09","..."
"CAN","224","38329.468.503.0","     ","682","3","","1E 0F 09","..."
"CAN","225","38329.968.490.0","     ","682","3","","1E 0F 09","..."
"CAN","226","38330.368.479.0","     ","682","3","","1E 0F 09","..."
"CAN","227","38331.268.456.0","     ","682","3","","1E 0F 09","..."
"CAN","228","38331.868.440.0","     ","682","3","","1E 0F 09","..."
"CAN","229","38332.068.434.0","     ","682","3","","1E 0F 09","..."
"CAN","230","38332.368.426.0","     ","682","3","","1E 0F 09","..."
"CAN","231","38332.868.413.0","     ","682","3","","1E 0F 09","..."
"CAN","232","38333.168.405.0","     ","682","3","","1E 0F 09","..."
"CAN","233","38333.768.389.0","     ","682","3","","1E 0F 09","..."
"CAN","234","38335.068.356.0","     ","682","3","","1E 0F 09","..."
"CAN","235","38335.368.348.0","     ","682","3","","1E 0F 09","..."
"CAN","236","38335.568.342.0","     ","682","3","","1E 0F 09","..."
"CAN","237","38336.268.329.0","     ","682","3","","1E 0F 09","..."
"CAN","238","38337.068.309.0","     ","682","3","","1E 0F 09","..."
"CAN","239","38362.367.692.0","     ","682","3","","1E 0F 08","..."
"CAN","240","38363.356.334.0","   S ","602","4","","07 00 00 48","...H"
"CAN","241","38363.356.754.0","     ","682","1","","07","."
"CAN","242","38613.256.619.0","   S ","602","4","","07 00 08 00","...."
"CAN","243","38613.257.039.0","     ","682","1","","07","."
"CAN","244","38613.461.198.0","     ","682","3","","1E 0F 08","..."
"CAN","245","38619.376.322.0","   S ","602","2","","01 05",".."
"CAN","246","38619.377.046.0","     ","682","7","","01 00 C5 00 BA 00 BB","..≈.∫.ª"
"CAN","247","38619.377.649.0","     ","682","7","","21 01 78 00 B9 00 B9","!.x.π.π"
"CAN","248","38619.378.273.0","     ","682","7","","41 01 B1 00 01 00 00","A.±...."
"CAN","249","38619.378.893.0","     ","682","7","","61 00 01 00 01 E6 E2","a....Ê‚"
"CAN","250","38694.645.228.0","   S ","602","4","","07 00 04 00","...."
"CAN","251","38694.645.647.0","     ","682","1","","07","."
"CAN","252","38694.859.104.0","     ","682","3","","1E 0F 08","..."
"CAN","253","38702.159.029.0","   S ","602","2","","01 05",".."
"CAN","254","38702.159.747.0","     ","682","7","","01 00 B3 00 B9 00 BA","..≥.π.∫"
"CAN","255","38702.160.344.0","     ","682","7","","21 00 BA 00 B9 00 B8","!.∫.π.∏"
"CAN","256","38702.160.969.0","     ","682","7","","41 00 B8 00 01 00 00","A.∏...."
"CAN","257","38702.161.577.0","     ","682","7","","61 00 01 E6 DB 00 EE","a..Ê€.Ó"
"CAN","258","38883.068.337.0","   S ","602","4","","07 00 0C 00","...."
"CAN","259","38883.068.756.0","     ","682","1","","07","."
"CAN","260","38883.254.271.0","     ","682","3","","1E 0F 08","..."
"CAN","261","38887.612.169.0","   S ","602","2","","01 05",".."
"CAN","262","38887.612.893.0","     ","682","7","","01 00 C0 00 BA 00 BA","..¿.∫.∫"
"CAN","263","38887.613.490.0","     ","682","7","","21 00 B9 00 B9 00 B8","!.π.π.∏"
"CAN","264","38887.614.120.0","     ","682","7","","41 00 B6 00 00 00 00","A.∂...."
"CAN","265","38887.614.734.0","     ","682","7","","61 00 01 E6 DA E6 E1","a..Ê⁄Ê·"
"CAN","266","38956.952.366.0","     ","682","3","","1E 0F 08","..."
"CAN","267","39023.950.633.0","     ","682","3","","1E 0F 08","..."
"CAN","268","39153.543.014.0","   S ","602","5","","04 00 0F FF 0A","...ˇ."
"CAN","269","39153.549.490.0","     ","682","3","","04 00 00","..."
"CAN","270","39226.174.554.0","   S ","602","5","","04 00 0F FF 0B","...ˇ."
"CAN","271","39226.181.030.0","     ","682","3","","04 00 00","..."
"CAN","272","39230.886.830.0","   S ","602","2","","01 03",".."
"CAN","273","39230.887.582.0","     ","682","7","","01 00 00 00 00 00 00","......."
"CAN","274","39230.888.206.0","     ","682","7","","21 0F FF 00 00 00 00","!.ˇ...."
"CAN","275","39230.888.842.0","     ","682","7","","61 00 00 0F FF 0F FF","a...ˇ.ˇ"
"CAN","276","39230.889.478.0","     ","682","7","","41 00 00 00 00 00 00","A......"
"CAN","277","39265.750.453.0","   S ","602","2","","01 05",".."
"CAN","278","39265.751.172.0","     ","682","7","","01 00 BD 00 BB 00 B9","..Ω.ª.π"
"CAN","279","39265.751.769.0","     ","682","7","","21 00 B9 00 B9 00 B8","!.π.π.∏"
"CAN","280","39265.752.394.0","     ","682","7","","41 00 B8 00 01 00 00","A.∏...."
"CAN","281","39265.753.007.0","     ","682","7","","61 00 01 F6 C9 F6 CA","a..ˆ…ˆ "
"CAN","282","39326.889.534.0","   S ","602","5","","04 00 00 00 0B","....."
"CAN","283","39326.896.010.0","     ","682","3","","04 00 00","..."
"CAN","284","39330.842.666.0","     ","682","3","","1E 0B 08","..."
"CAN","285","39332.891.147.0","   S ","602","5","","04 00 00 00 0A","....."
"CAN","286","39332.897.612.0","     ","682","3","","04 00 00","..."
"CAN","287","39336.581.205.0","   S ","602","2","","01 03",".."
"CAN","288","39336.581.956.0","     ","682","7","","01 00 00 00 00 00 00","......."
"CAN","289","39336.582.581.0","     ","682","7","","21 0F FF 00 00 00 00","!.ˇ...."
"CAN","290","39336.583.211.0","     ","682","7","","61 00 00 00 00 00 00","a......"
"CAN","291","39336.583.847.0","     ","682","7","","41 00 00 00 00 00 00","A......"
"CAN","292","39337.142.516.0","     ","682","3","","1E 0F 08","..."
"CAN","293","39348.851.686.0","   S ","602","5","","04 00 00 00 03","....."
"CAN","294","39348.858.151.0","     ","682","3","","04 00 00","..."
"CAN","295","39352.452.930.0","   S ","602","2","","01 03",".."
"CAN","296","39352.453.681.0","     ","682","7","","01 00 00 00 00 00 00","......."
"CAN","297","39352.454.311.0","     ","682","7","","21 00 00 00 00 00 00","!......"
"CAN","298","39352.454.942.0","     ","682","7","","61 00 00 00 00 00 00","a......"
"CAN","299","39352.455.578.0","     ","682","7","","41 00 00 00 00 00 00","A......"
"CAN","300","39483.058.685.0","   S ","602","4","","07 00 03 00","...."
"CAN","301","39483.059.102.0","     ","682","1","","07","."
"CAN","302","39483.238.716.0","     ","682","3","","1E 0F 08","..."
"CAN","303","39483.538.708.0","     ","682","3","","1E 0F 08","..."
"CAN","304","39483.738.697.0","     ","682","3","","1E 0E 08","..."
"CAN","305","39483.838.700.0","     ","682","3","","1E 0F 08","..."
"CAN","306","39485.538.656.0","     ","682","3","","1E 0F 08","..."
"CAN","307","39485.938.646.0","     ","682","3","","1E 0F 08","..."
"CAN","308","39486.738.625.0","     ","682","3","","1E 0F 08","..."
"CAN","309","39488.038.591.0","     ","682","3","","1E 0F 08","..."
"CAN","310","39488.338.583.0","     ","682","3","","1E 0F 08","..."
"CAN","311","39489.938.541.0","     ","682","3","","1E 0F 08","..."
"CAN","312","39490.338.530.0","     ","682","3","","1E 0F 08","..."
"CAN","313","39492.138.483.0","     ","682","3","","1E 0F 08","..."
"CAN","314","39533.837.401.0","     ","682","3","","1E 0F 08","..."
"CAN","315","39534.137.393.0","     ","682","3","","1E 0F 08","..."
"CAN","316","39534.618.176.0","   S ","602","4","","07 00 0C 00","...."
"CAN","317","39534.618.596.0","     ","682","1","","07","."
"CAN","318","39534.837.373.0","     ","682","3","","1E 0F 08","..."
"CAN","319","39534.937.373.0","     ","682","3","","1E 0F 08","..."
"CAN","320","39540.674.085.0","   S ","602","2","","01 05",".."
"CAN","321","39540.674.804.0","     ","682","7","","01 00 B7 00 B9 00 BB","..∑.π.ª"
"CAN","322","39540.675.401.0","     ","682","7","","21 00 B9 00 BA 00 B9","!.π.∫.π"
"CAN","323","39540.676.020.0","     ","682","7","","41 00 B7 00 01 02 8E","A.∑...é"
"CAN","324","39540.676.617.0","     ","682","7","","61 02 CC E6 D7 E6 DF","a.ÃÊ◊Êﬂ"
"CAN","325","39552.658.539.0","   S ","602","4","","07 00 00 00","...."
"CAN","326","39552.659.091.0","     ","682","1","","07","."
"CAN","327","39558.865.715.0","   S ","602","2","","01 05",".."
"CAN","328","39558.866.439.0","     ","682","7","","01 00 BF 00 BA 00 BA","..ø.∫.∫"
"CAN","329","39558.867.042.0","     ","682","7","","21 00 BA 00 BA 00 B8","!.∫.∫.∏"
"CAN","330","39558.867.677.0","     ","682","7","","41 00 B7 00 00 00 00","A.∑...."
"CAN","331","39558.868.286.0","     ","682","7","","61 00 0E 01 B9 01 9D","a...π.ù"
"CAN","332","39589.670.024.0","   S ","602","4","","07 00 03 00","...."
"CAN","333","39589.670.626.0","     ","682","1","","07","."
"CAN","334","39589.935.940.0","     ","682","3","","1E 0F 08","..."
"CAN","335","39590.135.935.0","     ","682","3","","1E 0F 08","..."
"CAN","336","39590.535.924.0","     ","682","3","","1E 0F 08","..."
"CAN","337","39591.635.895.0","     ","682","3","","1E 0F 08","..."
"CAN","338","39591.835.895.0","     ","682","3","","1E 0F 08","..."
"CAN","339","39592.035.890.0","     ","682","3","","1E 0F 08","..."
"CAN","340","39592.235.885.0","     ","682","3","","1E 0F 08","..."
"CAN","341","39592.435.879.0","     ","682","3","","1E 0F 08","..."
"CAN","342","39671.833.767.0","     ","682","3","","1E 0F 08","..."
"CAN","343","39673.439.966.0","   S ","602","4","","07 00 01 00","...."
"CAN","344","39673.440.385.0","     ","682","1","","07","."
"CAN","345","39674.133.708.0","     ","682","3","","1E 0F 08","..."
"CAN","346","39677.533.619.0","     ","682","3","","1E 0F 08","..."
"CAN","347","39678.733.588.0","     ","682","3","","1E 0F 08","..."
"CAN","348","39679.633.564.0","     ","682","3","","1E 0F 08","..."
"CAN","349","39679.933.556.0","     ","682","3","","1E 0F 08","..."
"CAN","350","39681.833.507.0","     ","682","3","","1E 0F 08","..."
"CAN","351","39682.033.501.0","     ","682","3","","1E 0F 08","..."
"CAN","352","39682.533.488.0","     ","682","3","","1E 0F 08","..."
"CAN","353","39682.833.481.0","     ","682","3","","1E 0F 08","..."
"CAN","354","39683.633.460.0","     ","682","3","","1E 0F 08","..."
"CAN","355","39683.833.460.0","     ","682","3","","1E 0F 08","..."
"CAN","356","39766.231.310.0","     ","682","3","","1E 0F 08","..."
"CAN","357","39766.531.302.0","     ","682","3","","1E 0F 08","..."
"CAN","358","39767.831.268.0","     ","682","3","","1E 0F 08","..."
"CAN","359","39768.331.254.0","     ","682","3","","1E 0F 08","..."
"CAN","360","39768.631.247.0","     ","682","3","","1E 0F 08","..."
"CAN","361","39769.331.228.0","     ","682","3","","1E 0F 08","..."
"CAN","362","39770.131.207.0","     ","682","3","","1E 0F 08","..."
"CAN","363","39770.731.191.0","     ","682","3","","1E 0F 08","..."
"CAN","364","39771.031.183.0","     ","682","3","","1E 0F 08","..."
"CAN","365","39771.831.168.0","     ","682","3","","1E 0F 08","..."
"CAN","366","39772.231.152.0","     ","682","3","","1E 0F 08","..."
"CAN","367","39773.731.118.0","     ","682","3","","1E 0F 08","..."
"CAN","368","39774.131.109.0","     ","682","3","","1E 0F 08","..."
"CAN","369","39775.431.068.0","     ","682","3","","1E 0F 08","..."
"CAN","370","39775.816.410.0","   S ","602","4","","07 00 00 00","...."
"CAN","371","39775.816.829.0","     ","682","1","","07","."
"CAN","372","39796.365.980.0","   S ","602","4","","07 00 00 80","...Ä"
"CAN","373","39796.366.399.0","     ","682","1","","07","."
"CAN","374","39807.870.448.0","   S ","602","2","","01 05",".."
"CAN","375","39807.871.171.0","     ","682","7","","01 00 A5 00 BB 00 BB","..•.ª.ª"
"CAN","376","39807.871.768.0","     ","682","7","","21 00 BA 00 BA 00 B9","!.∫.∫.π"
"CAN","377","39807.872.382.0","     ","682","7","","41 00 B7 E6 B6 00 01","A.∑Ê∂.."
"CAN","378","39807.873.012.0","     ","682","7","","61 00 02 00 00 00 01","a......"
"CAN","379","39841.213.314.0","   S ","602","4","","07 00 00 20","... "
"CAN","380","39841.214.071.0","     ","682","1","","07","."
"CAN","381","39846.813.210.0","   S ","602","2","","01 05",".."
"CAN","382","39846.814.226.0","     ","682","7","","01 00 AF 00 BB 00 BB","..Ø.ª.ª"
"CAN","383","39846.814.823.0","     ","682","7","","21 00 BA 00 BB E6 B6","!.∫.ªÊ∂"
"CAN","384","39846.815.443.0","     ","682","7","","41 00 B9 03 CD 00 00","A.π.Õ.."
"CAN","385","39846.816.073.0","     ","682","7","","61 00 01 00 00 00 01","a......"
"CAN","386","39869.653.168.0","   S ","602","2","","01 05",".."
"CAN","387","39869.653.886.0","     ","682","7","","01 00 BB 00 BA 00 BB","..ª.∫.ª"
"CAN","388","39869.654.483.0","     ","682","7","","21 00 BA 00 BB E6 BA","!.∫.ªÊ∫"
"CAN","389","39869.655.102.0","     ","682","7","","41 00 B9 00 06 00 00","A.π...."
"CAN","390","39869.655.733.0","     ","682","7","","61 00 01 00 01 00 01","a......"
"CAN","391","39879.221.103.0","   S ","602","2","","01 05",".."
"CAN","392","39879.221.826.0","     ","682","7","","01 00 BC 00 BB 00 BB","..º.ª.ª"
"CAN","393","39879.222.423.0","     ","682","7","","21 00 BB 00 BB E6 B9","!.ª.ªÊπ"
"CAN","394","39879.223.048.0","     ","682","7","","41 00 B8 00 04 00 00","A.∏...."
"CAN","395","39879.223.678.0","     ","682","7","","61 00 01 00 01 00 01","a......"
"CAN","396","40218.295.517.0","   S ","602","4","","07 00 00 20","... "
"CAN","397","40242.199.051.0","   S ","602","2","","01 03",".."
"CAN","398","40260.830.735.0","   S ","602","2","","01 03",".."
"CAN","399","40268.054.584.0","   S ","602","2","","01 05",".."
